verse_id	chapter	verse	text_en	polarity_en	label_en	text_es
NEH.1.1	1	1	The words of Nehemiah the son of Hachaliah. And it came to pass in the month Chisleu, in the twentieth year, as I was in Shushan the palace,	0.0	neutral	PALABRAS de Nehemías, hijo de Hachâlías. Y acaeció en el mes de Chisleu, en el año veinte, estando yo en Susán, capital del reino,
NEH.1.2	1	2	That Hanani, one of my brethren, came, he and {certain} men of Judah; and I asked them concerning the Jews that had escaped, which were left of the captivity, and concerning Jerusalem.	0.1071	positive	Que vino Hanani, uno de mis hermanos, él y ciertos varones de Judá, y preguntéles por los Judíos que habían escapado, que habían quedado de la cautividad, y por Jerusalem.
NEH.1.3	1	3	And they said unto me, The remnant that are left of the captivity there in the province {are} in great affliction and reproach: the wall of Jerusalem also {is} broken down, and the gates thereof are burned with fire.	0.0611	neutral	Y dijéronme: El residuo, los que quedaron de la cautividad allí en la provincia, están en gran mal y afrenta, y el muro de Jerusalem derribado, y sus puertas quemadas á fuego.
NEH.1.4	1	4	And it came to pass, when I heard these words, that I sat down and wept, and mourned {certain} days, and fasted, and prayed before the God of heaven,	0.0294	neutral	Y fué que, como yo oí estas palabras, sentéme y lloré, y enlutéme por algunos días, y ayuné y oré delante del Dios de los cielos.
NEH.1.5	1	5	And said, I beseech thee, O LORD God of heaven, the great and terrible God, that keepeth covenant and mercy for them that love him and observe his commandments:	0.1	neutral	Y dije: Ruégote, oh Jehová, Dios de los cielos, fuerte, grande, y terrible, que guarda el pacto y la misericordia á los que le aman y guardan sus mandamientos;
NEH.1.6	1	6	Let thine ear now be attentive, and thine eyes open, that thou mayest hear the prayer of thy servant, which I pray before thee now, day and night, for the children of Israel thy servants, and confess the sins of the children of Israel, which we have sinned against thee: both I and my father's house have sinned.	0.2	positive	Esté ahora atento tu oído, y tus ojos abiertos, para oír la oración de tu siervo, que yo hago ahora delante de ti día y noche, por los hijos de Israel tus siervos; y confieso los pecados de los hijos de Israel que hemos contra ti cometido; sí, yo y la casa de mi padre hemos pecado.
NEH.1.7	1	7	We have dealt very corruptly against thee, and have not kept the commandments, nor the statutes, nor the judgments, which thou commandedst thy servant Moses.	-0.65	negative	En extremo nos hemos corrompido contra ti, y no hemos guardado los mandamientos, y estatutos y juicios, que mandaste á Moisés tu siervo.
NEH.1.8	1	8	Remember, I beseech thee, the word that thou commandedst thy servant Moses, saying, {If} ye transgress, I will scatter you abroad among the nations:	0.0	neutral	Acuérdate ahora de la palabra que ordenaste á Moisés tu siervo, diciendo: Vosotros prevaricaréis, y yo os esparciré por los pueblos:
NEH.1.9	1	9	But {if} ye turn unto me, and keep my commandments, and do them; though there were of you cast out unto the uttermost part of the heaven, {yet} will I gather them from thence, and will bring them unto the place that I have chosen to set my name there.	0.0	neutral	Mas os volveréis á mí, y guardaréis mis mandamientos, y los pondréis por obra. Si fuere vuestro lanzamiento hasta el cabo de los cielos, de allí os juntaré; y traerlos he al lugar que escogí para hacer habitar allí mi nombre.
NEH.1.10	1	10	Now these {are} thy servants and thy people, whom thou hast redeemed by thy great power, and by thy strong hand.	0.6167	positive	Ellos pues son tus siervos y tu pueblo, los cuales redimiste con tu gran fortaleza, y con tu mano fuerte.
NEH.1.11	1	11	O Lord, I beseech thee, let now thine ear be attentive to the prayer of thy servant, and to the prayer of thy servants, who desire to fear thy name: and prosper, I pray thee, thy servant this day, and grant him mercy in the sight of this man. For I was the king's cupbearer.	0.4	positive	Ruégote, oh Jehová, esté ahora atento tu oído á la oración de tu siervo, y la oración de tus siervos, quienes desean temer tu nombre: y ahora concede hoy próspero suceso á tu siervo, y dale gracia delante de aquel varón. Porque yo servía de copero al rey.
NEH.2.1	2	1	And it came to pass in the month Nisan, in the twentieth year of Artaxerxes the king, {that} wine {was} before him: and I took up the wine, and gave {it} unto the king. Now I had not been {beforetime} sad in his presence.	-0.5	negative	Y FUÉ en el mes de Nisán, en el año veinte del rey Artajerjes, que estando ya el vino delante de él, tomé el vino, y dílo al rey. Y como yo no había estado antes triste en su presencia,
NEH.2.2	2	2	Wherefore the king said unto me, Why {is} thy countenance sad, seeing thou {art} not sick? this {is} nothing {else} but sorrow of heart. Then I was very sore afraid,	-0.1357	negative	Díjome el rey: ¿Por qué está triste tu rostro, pues no estás enfermo? No es esto sino quebranto de corazón. Entonces temí en gran manera.
NEH.2.3	2	3	And said unto the king, Let the king live for ever: why should not my countenance be sad, when the city, the place of my fathers' sepulchres, {lieth} waste, and the gates thereof are consumed with fire?	-0.1879	negative	Y dije al rey: El rey viva para siempre. ¿Cómo no estará triste mi rostro, cuando la ciudad, casa de los sepulcros de mis padres, está desierta, y sus puertas consumidas del fuego?
NEH.2.4	2	4	Then the king said unto me, For what dost thou make request? So I prayed to the God of heaven.	0.0	neutral	Y díjome el rey: ¿Qué cosa pides? Entonces oré al Dios de los cielos,
NEH.2.5	2	5	And I said unto the king, If it please the king, and if thy servant have found favour in thy sight, that thou wouldest send me unto Judah, unto the city of my fathers' sepulchres, that I may build it.	0.0	neutral	Y dije al rey: Si al rey place, y si agrada tu siervo delante de ti, que me envíes á Judá, á la ciudad de los sepulcros de mis padres, y la reedificaré.
NEH.2.6	2	6	And the king said unto me, (the queen also sitting by him,) For how long shall thy journey be? and when wilt thou return? So it pleased the king to send me; and I set him a time. {queen: Heb. wife}	0.225	positive	Entonces el rey me dijo, (y la reina estaba sentada junto á él): ¿Hasta cuándo será tu viaje, y cuándo volverás? Y plugo al rey enviarme, después que yo le señalé tiempo.
NEH.2.7	2	7	Moreover I said unto the king, If it please the king, let letters be given me to the governors beyond the river, that they may convey me over till I come into Judah;	0.0	neutral	Además dije al rey: Si al rey place, dénseme cartas para los gobernadores de la otra parte del río, que me franqueen el paso hasta que llegue á Judá;
NEH.2.8	2	8	And a letter unto Asaph the keeper of the king's forest, that he may give me timber to make beams for the gates of the palace which {appertained} to the house, and for the wall of the city, and for the house that I shall enter into. And the king granted me, according to the good hand of my God upon me.	0.7	positive	Y carta para Asaph, guarda del bosque del rey, á fin que me dé madera para enmaderar los portales del palacio de la casa, y para el muro de la ciudad, y la casa donde entraré. Y otorgóme lo el rey, según la benéfica mano de Jehová sobre mí.
NEH.2.9	2	9	Then I came to the governors beyond the river, and gave them the king's letters. Now the king had sent captains of the army and horsemen with me.	0.0	neutral	Y vine luego á los gobernadores de la otra parte del río, y les dí las cartas del rey. Y el rey envió conmigo capitanes del ejército y gente de á caballo.
NEH.2.10	2	10	When Sanballat the Horonite, and Tobiah the servant, the Ammonite, heard {of it}, it grieved them exceedingly that there was come a man to seek the welfare of the children of Israel.	0.0	neutral	Y oyéndolo Sanballat Horonita, y Tobías, el siervo Ammonita, disgustóles en extremo que viniese alguno para procurar el bien de los hijos de Israel.
NEH.2.11	2	11	So I came to Jerusalem, and was there three days.	0.0	neutral	Llegué pues á Jerusalem, y estado que hube allí tres días,
NEH.2.12	2	12	And I arose in the night, I and some few men with me; neither told I {any} man what my God had put in my heart to do at Jerusalem: neither {was there any} beast with me, save the beast that I rode upon.	-0.2	negative	Levantéme de noche, yo y unos pocos varones conmigo, y no declaré á hombre alguno lo que Dios había puesto en mi corazón que hiciese en Jerusalem; ni había bestia conmigo, excepto la cabalgadura en que cabalgaba.
NEH.2.13	2	13	And I went out by night by the gate of the valley, even before the dragon well, and to the dung port, and viewed the walls of Jerusalem, which were broken down, and the gates thereof were consumed with fire.	-0.2778	negative	Y salí de noche por la puerta del Valle hacia la fuente del Dragón y á la puerta del Muladar; y consideré los muros de Jerusalem que estaban derribados, y sus que puertas estaban consumidas del fuego.
NEH.2.14	2	14	Then I went on to the gate of the fountain, and to the king's pool: but {there was} no place for the beast {that was} under me to pass.	0.0	neutral	Pasé luego á la puerta de la Fuente, y al estanque del Rey; mas no había lugar por donde pasase la cabalgadura en que iba.
NEH.2.15	2	15	Then went I up in the night by the brook, and viewed the wall, and turned back, and entered by the gate of the valley, and {so} returned.	0.0	neutral	Y subí por el torrente de noche, y consideré el muro, y regresando entré por la puerta del Valle, y volvíme.
NEH.2.16	2	16	And the rulers knew not whither I went, or what I did; neither had I as yet told {it} to the Jews, nor to the priests, nor to the nobles, nor to the rulers, nor to the rest that did the work.	0.0	neutral	Y no sabían los magistrados dónde yo había ido, ni qué había hecho; ni hasta entonces lo había yo declarado á los Judíos y sacerdotes, ni á los nobles y magristrados, ni á los demás que hacían la obra.
NEH.2.17	2	17	Then said I unto them, Ye see the distress that we {are} in, how Jerusalem {lieth} waste, and the gates thereof are burned with fire: come, and let us build up the wall of Jerusalem, that we be no more a reproach.	-0.225	negative	Díjeles pues: Vosotros veis el mal en que estamos, que Jerusalem está desierta, y sus puertas consumidas del fuego: venid, y edifiquemos el muro de Jerusalem, y no seamos más en oprobio.
NEH.2.18	2	18	Then I told them of the hand of my God which was good upon me; as also the king's words that he had spoken unto me. And they said, Let us rise up and build. So they strengthened their hands for {this} good {work}.	0.7	positive	Entonces les declaré cómo la mano de mi Dios era buena sobre mí, y asimismo las palabras del rey, que me había dicho. Y dijeron: Levantémonos, y edifiquemos. Así esforzaron sus manos para bien.
NEH.2.19	2	19	But when Sanballat the Horonite, and Tobiah the servant, the Ammonite, and Geshem the Arabian, heard {it}, they laughed us to scorn, and despised us, and said, What {is} this thing that ye do? will ye rebel against the king?	0.7	positive	Mas habiéndolo oído Samballat Horonita, y Tobías el siervo Ammonita, y Gesem el Arabe, escarnecieron de nosotros, y nos despreciaron, diciendo: ¿Qué es esto que hacéis vosotros? ¿os rebeláis contra el rey?
NEH.2.20	2	20	Then answered I them, and said unto them, The God of heaven, he will prosper us; therefore we his servants will arise and build: but ye have no portion, nor right, nor memorial, in Jerusalem.	0.2857	positive	Y volvíles respuesta, y díjeles: El Dios de los cielos, él nos prosperará, y nosotros sus siervos nos levantaremos y edificaremos: que vosotros no tenéis parte, ni derecho, ni memoria en Jerusalem.
NEH.3.1	3	1	Then Eliashib the high priest rose up with his brethren the priests, and they builded the sheep gate; they sanctified it, and set up the doors of it; even unto the tower of Meah they sanctified it, unto the tower of Hananeel.	0.38	positive	Y LEVANTOSE Eliasib el gran sacerdote con sus hermanos los sacerdotes, y edificaron la puerta de las Ovejas. Ellos aparejaron y levantaron sus puertas hasta la torre de Meah, aparejándola hasta la torre de Hananeel.
NEH.3.2	3	2	And next unto him builded the men of Jericho. And next to them builded Zaccur the son of Imri. {next unto...: Heb. at his hand}	0.0	neutral	Y junto á ella edificaron los varones de Jericó: y luego edificó Zachûr hijo de Imri.
NEH.3.3	3	3	But the fish gate did the sons of Hassenaah build, who {also} laid the beams thereof, and set up the doors thereof, the locks thereof, and the bars thereof.	0.0	neutral	Y los hijos de Senaa edificaron la puerta del Pescado: ellos la enmaderaron, y levantaron sus puertas, con sus cerraduras y sus cerrojos.
NEH.3.4	3	4	And next unto them repaired Meremoth the son of Urijah, the son of Koz. And next unto them repaired Meshullam the son of Berechiah, the son of Meshezabeel. And next unto them repaired Zadok the son of Baana.	0.0	neutral	Y junto á ellos restauró Meremoth hijo de Urías, hijo de Cos, y al lado de ellos, restauró Mesullam hijo de Berechîas, hijo de Mesezabeel. Junto á ellos restauró Sadoc hijo de Baana.
NEH.3.5	3	5	And next unto them the Tekoites repaired; but their nobles put not their necks to the work of their Lord.	0.0	neutral	E inmediato á ellos restauraron los Tecoitas; mas sus grandes no prestaron su cerviz á la obra de su Señor.
NEH.3.6	3	6	Moreover the old gate repaired Jehoiada the son of Paseah, and Meshullam the son of Besodeiah; they laid the beams thereof, and set up the doors thereof, and the locks thereof, and the bars thereof.	0.1	neutral	Y la puerta Vieja restauraron Joiada hijo de Pasea, y Mesullam hijo de Besodías: ellos la enmaderaron, y levantaron sus puertas, con sus cerraduras y sus cerrojos.
NEH.3.7	3	7	And next unto them repaired Melatiah the Gibeonite, and Jadon the Meronothite, the men of Gibeon, and of Mizpah, unto the throne of the governor on this side the river.	0.0	neutral	Junto á ellos restauró Melatías Gabaonita, y Jadón Meronothita, varones de Gabaón y de Mizpa, por la silla del gobernador de la otra parte del río.
NEH.3.8	3	8	Next unto him repaired Uzziel the son of Harhaiah, of the goldsmiths. Next unto him also repaired Hananiah the son of {one of} the apothecaries, and they fortified Jerusalem unto the broad wall. {fortified...: or, left Jerusalem unto the broad wall}	0.025	neutral	Y junto á ellos restauró Uzziel hijo de Harhaía, de los plateros; junto al cual restauró también Hananías, hijo de un perfumero. Así dejaron reparado á Jerusalem hasta el muro ancho.
NEH.3.9	3	9	And next unto them repaired Rephaiah the son of Hur, the ruler of the half part of Jerusalem.	-0.0833	neutral	Junto á ellos restauró también Repaías hijo de Hur, príncipe de la mitad de la región de Jerusalem.
NEH.3.10	3	10	And next unto them repaired Jedaiah the son of Harumaph, even over against his house. And next unto him repaired Hattush the son of Hashabniah.	0.0	neutral	Asimismo restauró junto á ellos, y frente á su casa, Jedaías hijo de Harumaph; y junto á él restauró Hattus hijo de Hasbanías.
NEH.3.11	3	11	Malchijah the son of Harim, and Hashub the son of Pahathmoab, repaired the other piece, and the tower of the furnaces. {other...: Heb. second measure}	-0.0833	neutral	Malchîas hijo de Harim y Hasub hijo de Pahath-moab, restauraron la otra medida, y la torre de los Hornos.
NEH.3.12	3	12	And next unto him repaired Shallum the son of Halohesh, the ruler of the half part of Jerusalem, he and his daughters.	-0.0833	neutral	Junto á ellos restauró Sallum hijo de Lohes, príncipe de la mitad de la región de Jerusalem, él con sus hijas.
NEH.3.13	3	13	The valley gate repaired Hanun, and the inhabitants of Zanoah; they built it, and set up the doors thereof, the locks thereof, and the bars thereof, and a thousand cubits on the wall unto the dung gate.	0.0	neutral	La puerta del Valle la restauró Hanún con los moradores de Zanoa: ellos la reedificaron, y levantaron sus puertas, con sus cerraduras y sus cerrojos, y mil codos en el muro hasta la puerta del Muladar.
NEH.3.14	3	14	But the dung gate repaired Malchiah the son of Rechab, the ruler of part of Bethhaccerem; he built it, and set up the doors thereof, the locks thereof, and the bars thereof.	0.0	neutral	Y reedificó la puerta del Muladar, Malchîas hijo de Rechâb, príncipe de la provincia de Beth-haccerem: él la reedificó, y levantó sus puertas, sus cerraduras y sus cerrojos.
NEH.3.15	3	15	But the gate of the fountain repaired Shallun the son of Colhozeh, the ruler of part of Mizpah; he built it, and covered it, and set up the doors thereof, the locks thereof, and the bars thereof, and the wall of the pool of Siloah by the king's garden, and unto the stairs that go down from the city of David.	-0.1556	negative	Y Sallum hijo de Chôl-hoce, príncipe de la región de Mizpa, restauró la puerta de la Fuente: él la reedificó, y la enmaderó, y levantó sus puertas, sus cerraduras y sus cerrojos, y el muro del estanque de Selah hacia la huerta del rey, y hasta las gradas que descienden de la ciudad de David.
NEH.3.16	3	16	After him repaired Nehemiah the son of Azbuk, the ruler of the half part of Bethzur, unto {the place} over against the sepulchres of David, and to the pool that was made, and unto the house of the mighty.	0.1167	positive	Después de él restauró Nehemías hijo de Azbuc, príncipe de la mitad de la región de Beth-sur, hasta delante de los sepulcros de David, y hasta el estanque labrado, y hasta la casa de los Valientes.
NEH.3.17	3	17	After him repaired the Levites, Rehum the son of Bani. Next unto him repaired Hashabiah, the ruler of the half part of Keilah, in his part.	-0.0833	neutral	Tras él restauraron los Levitas, Rehum hijo de Bani; junto á él restauró Asabías, príncipe de la mitad de la región de Ceila en su región.
NEH.3.18	3	18	After him repaired their brethren, Bavai the son of Henadad, the ruler of the half part of Keilah.	-0.1667	negative	Después de él restauraron sus hermanos, Bavvai hijo de Henadad, príncipe de la mitad de la región de Ceila.
NEH.3.19	3	19	And next to him repaired Ezer the son of Jeshua, the ruler of Mizpah, another piece over against the going up to the armoury at the turning {of the wall}.	0.0	neutral	Y junto á él restauró Ezer hijo de Jesuá, príncipe de Mizpa, la otra medida frente á la subida de la armería de la esquina.
NEH.3.20	3	20	After him Baruch the son of Zabbai earnestly repaired the other piece, from the turning {of the wall} unto the door of the house of Eliashib the high priest. {Zabbai: also called, Zaccai}	0.0175	neutral	Después de él se enfervorizó á restaurar Baruch hijo de Zachâi la otra medida, desde la esquina hasta la puerta de la casa de Eliasib gran sacerdote.
NEH.3.21	3	21	After him repaired Meremoth the son of Urijah the son of Koz another piece, from the door of the house of Eliashib even to the end of the house of Eliashib.	0.0	neutral	Tras él restauró Meremoth hijo de Urías hijo de Cos la otra medida, desde la entrada de la casa de Eliasib, hasta el cabo de la casa de Eliasib.
NEH.3.22	3	22	And after him repaired the priests, the men of the plain.	-0.2143	negative	Después de él restauraron los sacerdotes, los varones de la campiña.
NEH.3.23	3	23	After him repaired Benjamin and Hashub over against their house. After him repaired Azariah the son of Maaseiah the son of Ananiah by his house.	0.0	neutral	Después de ellos restauraron Benjamín y Hasub, frente á su casa: y después de estos restauró Azarías, hijo de Maasías hijo de Ananías, cerca de su casa.
NEH.3.24	3	24	After him repaired Binnui the son of Henadad another piece, from the house of Azariah unto the turning {of the wall}, even unto the corner.	0.0	neutral	Después de él restauró Binnui hijo de Henadad la otra medida, desde la casa de Azarías hasta la revuelta, y hasta la esquina.
NEH.3.25	3	25	Palal the son of Uzai, over against the turning {of the wall}, and the tower which lieth out from the king's high house, that {was} by the court of the prison. After him Pedaiah the son of Parosh.	0.16	positive	Paal hijo de Uzai, enfrente de la esquina y la torre alta que sale de la casa del rey, que está en el patio de la cárcel. Después de él, Pedaía hijo de Pharos.
NEH.3.26	3	26	Moreover the Nethinims dwelt in Ophel, unto {the place} over against the water gate toward the east, and the tower that lieth out. {dwelt...: or, which dwelt in Ophel, repaired unto} {Ophel: or, tower}	0.0	neutral	(Y los Nethineos estuvieron en Ophel hasta enfrente de la puerta de las Aguas al oriente, y la torre que sobresalía.)
NEH.3.27	3	27	After them the Tekoites repaired another piece, over against the great tower that lieth out, even unto the wall of Ophel.	0.8	positive	Después de él restauraron los Tecoitas la otra medida, enfrente de la grande torre que sobresale, hasta el muro de Ophel.
NEH.3.28	3	28	From above the horse gate repaired the priests, every one over against his house.	0.0	neutral	Desde la puerta de los Caballos restauraron los sacerdotes, cada uno enfrente de su casa.
NEH.3.29	3	29	After them repaired Zadok the son of Immer over against his house. After him repaired also Shemaiah the son of Shechaniah, the keeper of the east gate.	0.0	neutral	Después de ellos resturó Sadoc hijo de Immer, enfrente de su casa: y después de él restauró Semaías hijo de Sechânías, guarda de la puerta oriental.
NEH.3.30	3	30	After him repaired Hananiah the son of Shelemiah, and Hanun the sixth son of Zalaph, another piece. After him repaired Meshullam the son of Berechiah over against his chamber.	0.0	neutral	Tras él restauró Hananías hijo de Selemías, y Anún hijo sexto de Salaph, la otra medida. Después de él restauró Mesullam, hijo de Berechîas, enfrente de su cámara.
NEH.3.31	3	31	After him repaired Malchiah the goldsmith's son unto the place of the Nethinims, and of the merchants, over against the gate Miphkad, and to the going up of the corner. {going...: or, corner chamber}	0.0	neutral	Después de él restauró Malchîas hijo del platero, hasta la casa de los Nethineos y de los tratantes, enfrente de la puerta del Juicio, y hasta la sala de la esquina.
NEH.3.32	3	32	And between the going up of the corner unto the sheep gate repaired the goldsmiths and the merchants. {going...: or, corner chamber}	0.0	neutral	Y entre la sala de la esquina hasta la puerta de las Ovejas, restauraron los plateros, y los tratantes.
NEH.4.1	4	1	But it came to pass, that when Sanballat heard that we builded the wall, he was wroth, and took great indignation, and mocked the Jews.	0.8	positive	Y FUÉ que como oyó Sanballat que nosotros edificábamos el muro, encolerizóse y enojóse en gran manera, é hizo escarnio de los Judíos.
NEH.4.2	4	2	And he spake before his brethren and the army of Samaria, and said, What do these feeble Jews? will they fortify themselves? will they sacrifice? will they make an end in a day? will they revive the stones out of the heaps of the rubbish which are burned? {fortify...: Heb. leave to themselves}	-0.5	negative	Y habló delante de sus hermanos y del ejército de Samaria, y dijo: ¿Qué hacen estos débiles Judíos? ¿hanles de permitir? ¿han de sacrificar? ¿han de acabar en un día? ¿han de resucitar de los montones del polvo las piedras que fueron quemadas?
NEH.4.3	4	3	Now Tobiah the Ammonite {was} by him, and he said, Even that which they build, if a fox go up, he shall even break down their stone wall.	-0.1556	negative	Y estaba junto á él Tobías Ammonita, el cual dijo: Aun lo que ellos edifican, si subiere una zorra derribará su muro de piedra.
NEH.4.4	4	4	Hear, O our God; for we are despised: and turn their reproach upon their own head, and give them for a prey in the land of captivity: {despised: Heb. despite}	-0.075	neutral	Oye, oh Dios nuestro, que somos en menosprecio, y vuelve el baldón de ellos sobre su cabeza, y dalos en presa en la tierra de su cautiverio:
NEH.4.5	4	5	And cover not their iniquity, and let not their sin be blotted out from before thee: for they have provoked {thee} to anger before the builders.	-0.7	negative	Y no cubras su iniquidad, ni su pecado sea raído delante de tu rostro; porque se airaron contra los que edificaban.
NEH.4.6	4	6	So built we the wall; and all the wall was joined together unto the half thereof: for the people had a mind to work.	-0.1667	negative	Edificamos pues el muro, y toda la muralla fué junta hasta su mitad: y el pueblo tuvo ánimo para obrar.
NEH.4.7	4	7	But it came to pass, {that} when Sanballat, and Tobiah, and the Arabians, and the Ammonites, and the Ashdodites, heard that the walls of Jerusalem were made up, {and} that the breaches began to be stopped, then they were very wroth, {were made up: Heb. ascended}	0.2	positive	Mas acaeció que oyendo Sanballat y Tobías, y los Arabes, y los Ammonitas, y los de Asdod, que los muros de Jerusalem eran reparados, porque ya los portillos comenzaban á cerrarse, encolerizáronse mucho;
NEH.4.8	4	8	And conspired all of them together to come {and} to fight against Jerusalem, and to hinder it. {to hinder...: Heb. to make an error to it}	0.0	neutral	Y conspiraron todos á una para venir á combatir á Jerusalem, y á hacerle daño.
NEH.4.9	4	9	Nevertheless we made our prayer unto our God, and set a watch against them day and night, because of them.	0.0	neutral	Entonces oramos á nuestro Dios, y por causa de ellos pusimos guarda contra ellos de día y de noche.
NEH.4.10	4	10	And Judah said, The strength of the bearers of burdens is decayed, and {there is} much rubbish; so that we are not able to build the wall.	-0.025	neutral	Y dijo Judá: Las fuerzas de los acarreadores se han enflaquecido, y el escombro es mucho, y no podemos edificar el muro.
NEH.4.11	4	11	And our adversaries said, They shall not know, neither see, till we come in the midst among them, and slay them, and cause the work to cease.	0.0	neutral	Y nuestros enemigos dijeron: No sepan, ni vean, hasta que entremos en medio de ellos, y los matemos, y hagamos cesar la obra.
NEH.4.12	4	12	And it came to pass, that when the Jews which dwelt by them came, they said unto us ten times, From all places whence ye shall return unto us {they will be upon you}. {From all...: or, That from all places ye must return to us}	0.0	neutral	Sucedió empero, que como vinieron los Judíos que habitaban entre ellos, nos dieron aviso diez veces de todos los lugares de donde volvían á nosotros.
NEH.4.13	4	13	Therefore set I in the lower places behind the wall, {and} on the higher places, I even set the people after their families with their swords, their spears, and their bows. {in the...: Heb. from the lower parts of the place, etc}	-0.075	neutral	Entonces puse por los bajos del lugar, detrás del muro, en las alturas de los peñascos, puse el pueblo por familias con sus espadas, con sus lanzas, y con sus arcos.
NEH.4.14	4	14	And I looked, and rose up, and said unto the nobles, and to the rulers, and to the rest of the people, Be not ye afraid of them: remember the Lord, {which is} great and terrible, and fight for your brethren, your sons, and your daughters, your wives, and your houses.	-0.05	neutral	Después miré, y levantéme, y dije á los principales y á los magistrados, y al resto del pueblo: No temáis delante de ellos: acordaos del Seños grande y terrible, y pelead por vuestros hermanos, por vuestros hijos y por vuestras hijas, por vuestras mujeres y por vuestras casas.
NEH.4.15	4	15	And it came to pass, when our enemies heard that it was known unto us, and God had brought their counsel to nought, that we returned all of us to the wall, every one unto his work.	0.0	neutral	Y sucedió que como oyeron nuestros enemigos que lo habíamos entendido, Dios disipó el consejo de ellos, y volvímonos todos al muro, cada uno á su obra.
NEH.4.16	4	16	And it came to pass from that time forth, {that} the half of my servants wrought in the work, and the other half of them held both the spears, the shields, and the bows, and the habergeons; and the rulers {were} behind all the house of Judah.	-0.2146	negative	Mas fué que desde aquel día la mitad de los mancebos trabajaba en la obra, y la otra mitad de ellos tenía lanzas y escudos, y arcos, y corazas; y los príncipes estaban tras toda la casa de Judá.
NEH.4.17	4	17	They which builded on the wall, and they that bare burdens, with those that laded, {every one} with one of his hands wrought in the work, and with the other {hand} held a weapon.	-0.0375	neutral	Los que edificaban en el muro, y los que llevaban cargas y los que cargaban, con la una mano trabajaban en la obra, y en la otra tenían la espada.
NEH.4.18	4	18	For the builders, every one had his sword girded by his side, and {so} builded. And he that sounded the trumpet {was} by me. {by his side: Heb. on his loins}	0.0	neutral	Porque los que edificaban, cada uno tenía su espada ceñida á sus lomos, y así edificaban y el que tocaba la trompeta estaba junto á mí.
NEH.4.19	4	19	And I said unto the nobles, and to the rulers, and to the rest of the people, The work {is} great and large, and we are separated upon the wall, one far from another.	0.3714	positive	Y dije á los principales, y á los magistrados y al resto del pueblo: La obra es grande y larga, y nosotros estamos apartados en el muro, lejos los unos de los otros.
NEH.4.20	4	20	In what place {therefore} ye hear the sound of the trumpet, resort ye thither unto us: our God shall fight for us.	0.4	positive	En el lugar donde oyereis la voz de la trompeta, reuníos allí á nosotros: nuestro Dios peleará por nosotros.
NEH.4.21	4	21	So we laboured in the work: and half of them held the spears from the rising of the morning till the stars appeared.	-0.1667	negative	Nosotros pues trabajábamos en la obra; y la mitad de ellos tenían lanzas desde la subida del alba hasta salir las estrellas.
NEH.4.22	4	22	Likewise at the same time said I unto the people, Let every one with his servant lodge within Jerusalem, that in the night they may be a guard to us, and labour on the day.	0.0	neutral	También dije entonces al pueblo: Cada uno con su criado se quede dentro de Jerusalem, y hágannos de noche centinela, y de día á la obra.
NEH.4.23	4	23	So neither I, nor my brethren, nor my servants, nor the men of the guard which followed me, none of us put off our clothes, {saving that} every one put them off for washing. {saving...: or, every one went with his weapon for water}	0.0	neutral	Y ni yo, ni mis hermanos, ni mis mozos, ni la gente de guardia que me seguía, desnudamos nuestro vestido: cada uno se desnudaba solamente para lavarse.
NEH.5.1	5	1	And there was a great cry of the people and of their wives against their brethren the Jews.	0.8	positive	ENTONCES fué grande el clamor del pueblo y de sus mujeres contra los Judíos sus hermanos.
NEH.5.2	5	2	For there were that said, We, our sons, and our daughters, {are} many: therefore we take up corn {for them}, that we may eat, and live.	0.3182	positive	Y había quien decía: Nosotros, nuestros hijos y nuestras hijas, somos muchos: hemos por tanto tomado grano para comer y vivir.
NEH.5.3	5	3	{Some} also there were that said, We have mortgaged our lands, vineyards, and houses, that we might buy corn, because of the dearth.	0.0	neutral	Y había quienes decían: Hemos empeñado nuestras tierras, y nuestras viñas, y nuestras casas, para comprar grano en el hambre.
NEH.5.4	5	4	There were also that said, We have borrowed money for the king's tribute, {and that upon} our lands and vineyards.	0.0	neutral	Y había quienes decían: Hemos tomado prestado dinero para el tributo del rey, sobre nuestras tierras y viñas.
NEH.5.5	5	5	Yet now our flesh {is} as the flesh of our brethren, our children as their children: and, lo, we bring into bondage our sons and our daughters to be servants, and {some} of our daughters are brought unto bondage {already}: neither {is it} in our power {to redeem them}; for other men have our lands and vineyards.	-0.125	negative	Ahora bien, nuestra carne es como la carne de nuestros hermanos, nuestros hijos como sus hijos; y he aquí que nosotros sujetamos nuestros hijos y nuestras hijas á servidumbre, y hay algunas de nuestras hijas sujetas: mas no hay facultad en nuestras manos para rescatarlas, porque nuestras tierras y nuestras viñas son de otros.
NEH.5.6	5	6	And I was very angry when I heard their cry and these words.	-0.65	negative	Y enojéme en gran manera cuando oí su clamor y estas palabras.
NEH.5.7	5	7	Then I consulted with myself, and I rebuked the nobles, and the rulers, and said unto them, Ye exact usury, every one of his brother. And I set a great assembly against them. {I consulted...: Heb. my heart consulted in me}	0.525	positive	Medité lo entonces para conmigo, y reprendí á los principales y á los magistrados, y díjeles: ¿Tomáiscada uno usura de vuestros hermanos? Y convoqué contra ellos una grande junta.
NEH.5.8	5	8	And I said unto them, We after our ability have redeemed our brethren the Jews, which were sold unto the heathen; and will ye even sell your brethren? or shall they be sold unto us? Then held they their peace, and found nothing {to answer}.	0.0	neutral	Y díjeles: Nosotros rescatamos á nuestros hermanos Judíos que habían sido vendidos á las gentes, conforme á la facultad que había en nosotros: ¿y vosotros aun vendéis á vuestros hermanos, y serán vendidos á nosotros? Y callaron, que no tuvieron qué responder.
NEH.5.9	5	9	Also I said, It {is} not good that ye do: ought ye not to walk in the fear of our God because of the reproach of the heathen our enemies?	-0.35	negative	Y dije: No es bien lo que hacéis, ¿no andaréis en temor de nuestro Dios, por no ser el oprobio de las gentes enemigas nuestras?
NEH.5.10	5	10	I likewise, {and} my brethren, and my servants, might exact of them money and corn: I pray you, let us leave off this usury.	0.25	positive	También yo, y mis hermanos, y mis criados, les hemos prestado dinero y grano: relevémosles ahora de este gravamen.
NEH.5.11	5	11	Restore, I pray you, to them, even this day, their lands, their vineyards, their oliveyards, and their houses, also the hundredth {part} of the money, and of the corn, the wine, and the oil, that ye exact of them.	0.25	positive	Ruégoos que les devolváis hoy sus tierras, sus viñas, sus olivares, y sus casas, y la centésima parte del dinero y grano, del vino y del aceite que demandáis de ellos.
NEH.5.12	5	12	Then said they, We will restore {them}, and will require nothing of them; so will we do as thou sayest. Then I called the priests, and took an oath of them, that they should do according to this promise.	0.0	neutral	Y dijeron: Devolveremos, y nada les demandaremos; haremos así como tú dices. Entonces convoqué los sacerdotes, y juramentélos que harían conforme á esto.
NEH.5.13	5	13	Also I shook my lap, and said, So God shake out every man from his house, and from his labour, that performeth not this promise, even thus be he shaken out, and emptied. And all the congregation said, Amen, and praised the LORD. And the people did according to this promise. {emptied: Heb. empty, or, void}	-0.1	neutral	Además sacudí mi vestido, y dije: Así sacuda Dios de su casa y de su trabajo á todo hombre que no cumpliere esto, y así sea sacudido y vacío. Y respondió toda la congregación: ¡Amén! Y alabaron á Jehová. Y el pueblo hizo conforme á esto.
NEH.5.14	5	14	Moreover from the time that I was appointed to be their governor in the land of Judah, from the twentieth year even unto the two and thirtieth year of Artaxerxes the king, {that is}, twelve years, I and my brethren have not eaten the bread of the governor.	0.0	neutral	También desde el día que me mandó el rey que fuese gobernador de ellos en la tierra de Judá, desde el año veinte del rey Artajerjes hasta el año treinta y dos, doce años, ni yo ni mis hermanos comimos el pan del gobernador.
NEH.5.15	5	15	But the former governors that {had been} before me were chargeable unto the people, and had taken of them bread and wine, beside forty shekels of silver; yea, even their servants bare rule over the people: but so did not I, because of the fear of God.	0.025	neutral	Mas los primeros gobernadores que fueron antes de mí, cargaron al pueblo, y tomaron de ellos por el pan y por el vino sobre cuarenta siclos de plata: á más de esto, sus criados se enseñoreaban sobre el pueblo; pero yo no hice así, á causa del temor de Dios.
NEH.5.16	5	16	Yea, also I continued in the work of this wall, neither bought we any land: and all my servants {were} gathered thither unto the work.	0.0	neutral	También en la obra de este muro instauré mi parte, y no compramos heredad: y todos mis criados juntos estaban allí á la obra.
NEH.5.17	5	17	Moreover {there were} at my table an hundred and fifty of the Jews and rulers, beside those that came unto us from among the heathen that {are} about us.	0.0	neutral	Además ciento y cincuenta hombres de los Judíos y magistrados, y los que venían á nosotros de las gentes que están en nuestros contornos, estaban á mi mesa.
NEH.5.18	5	18	Now {that} which was prepared {for me} daily {was} one ox {and} six choice sheep; also fowls were prepared for me, and once in ten days store of all sorts of wine: yet for all this required not I the bread of the governor, because the bondage was heavy upon this people.	-0.0667	neutral	Y lo que se aderezaba para cada día era un buey, seis ovejas escogidas, y aves también se aparejaban para mí, y cada diez días vino en toda abundancia: y con todo esto nunca requerí el pan del gobernador, porque la servidumbre de este pueblo era grave.
NEH.5.19	5	19	Think upon me, my God, for good, {according} to all that I have done for this people.	0.7	positive	Acuérdate de mí para bien, Dios mío, y de todo lo que hice á este pueblo.
NEH.6.1	6	1	Now it came to pass, when Sanballat, and Tobiah, and Geshem the Arabian, and the rest of our enemies, heard that I had builded the wall, and {that} there was no breach left therein; (though at that time I had not set up the doors upon the gates;)	0.125	positive	Y FUÉ que habiendo oído Sanballat, y Tobías, y Gesem el Arabe, y los demás nuestros enemigos, que había yo edificado el muro, y que no quedaba en él portillo, (aunque hasta aquel tiempo no había puesto en las puertas las hojas,)
NEH.6.2	6	2	That Sanballat and Geshem sent unto me, saying, Come, let us meet together in {some one of} the villages in the plain of Ono. But they thought to do me mischief.	-0.2143	negative	Sanballat y Gesem enviaron á decirme: Ven, y compongámonos juntos en alguna de las aldeas en el campo de Ono. Mas ellos habían pensado hacerme mal.
NEH.6.3	6	3	And I sent messengers unto them, saying, I {am} doing a great work, so that I cannot come down: why should the work cease, whilst I leave it, and come down to you?	0.163	positive	Y enviéles mensajeros, diciendo: Yo hago una grande obra, y no puedo ir; porque cesaría la obra, dejándola yo para ir á vosotros.
NEH.6.4	6	4	Yet they sent unto me four times after this sort; and I answered them after the same manner.	0.0	neutral	Y enviaron á mí con el mismo asunto por cuatro veces, y yo les respondí de la misma manera.
NEH.6.5	6	5	Then sent Sanballat his servant unto me in like manner the fifth time with an open letter in his hand;	0.0	neutral	Envió entonces Sanballat á mí su criado, á decir lo mismo por quinta vez, con una carta abierta en su mano,
NEH.6.6	6	6	Wherein {was} written, It is reported among the heathen, and Gashmu saith {it, that} thou and the Jews think to rebel: for which cause thou buildest the wall, that thou mayest be their king, according to these words. {Gashmu: also called, Geshem}	0.0	neutral	En la cual estaba escrito: Hase oído entre las gentes, y Gasmu lo dice, que tú y los Judíos pensáis rebelaros; y que por eso edificas tú el muro, con la mira, según estas palabras, de ser tú su rey;
NEH.6.7	6	7	And thou hast also appointed prophets to preach of thee at Jerusalem, saying, {There is} a king in Judah: and now shall it be reported to the king according to these words. Come now therefore, and let us take counsel together.	0.0	neutral	Y que has puesto profetas que prediquen de ti en Jerusalem, diciendo: ¡Rey en Judá! Y ahora serán oídas del rey las tales palabras: ven por tanto, y consultemos juntos.
NEH.6.8	6	8	Then I sent unto him, saying, There are no such things done as thou sayest, but thou feignest them out of thine own heart.	0.3	positive	Entonces envié yo á decirles: No hay tal cosa como dices, sino que de tu corazón tú lo inventas.
NEH.6.9	6	9	For they all made us afraid, saying, Their hands shall be weakened from the work, that it be not done. Now therefore, {O God}, strengthen my hands.	-0.6	negative	Porque todos ellos nos ponían miedo, diciendo: Debilitaránse las manos de ellos en la obra, y no será hecha. Esfuerza pues mis manos, oh Dios.
NEH.6.10	6	10	Afterward I came unto the house of Shemaiah the son of Delaiah the son of Mehetabeel, who {was} shut up; and he said, Let us meet together in the house of God, within the temple, and let us shut the doors of the temple: for they will come to slay thee; yea, in the night will they come to slay thee.	0.0	neutral	Vine luego en secreto á casa de Semaías hijo de Delaías, hijo de Mehetabeel, porque él estaba encerrado; el cual me dijo: Juntémonos en la casa de Dios dentro del templo, y cerremos las puertas del templo, porque vienen para matarte; sí, esta noche vendrán á matarte.
NEH.6.11	6	11	And I said, Should such a man as I flee? and who {is there}, that, {being} as I {am}, would go into the temple to save his life? I will not go in.	0.0	neutral	Entonces dije: ¿Un hombre como yo ha de huir? ¿y quién, que como yo fuera, entraría al templo para salvar la vida? No entraré.
NEH.6.12	6	12	And, lo, I perceived that God had not sent him; but that he pronounced this prophecy against me: for Tobiah and Sanballat had hired him.	0.0	neutral	Y entendí que Dios no lo había enviado, sino que hablaba aquella profecía contra mí, porque Tobías y Sanballat le habían alquilado por salario.
NEH.6.13	6	13	Therefore {was} he hired, that I should be afraid, and do so, and sin, and {that} they might have {matter} for an evil report, that they might reproach me.	-0.8	negative	Porque sobornado fué para hacerme temer así, y que pecase, y les sirviera de mal nombre con que fuera yo infamado.
NEH.6.14	6	14	My God, think thou upon Tobiah and Sanballat according to these their works, and on the prophetess Noadiah, and the rest of the prophets, that would have put me in fear.	0.0	neutral	Acuérdate, Dios mío, de Tobías y de Sanballat, conforme á estas sus obras, y también de Noadías profetisa, y de los otros profetas que hacían por ponerme miedo.
NEH.6.15	6	15	So the wall was finished in the twenty and fifth {day} of {the month} Elul, in fifty and two days.	0.0	neutral	Acabóse pues el muro el veinticinco del mes de Elul, en cincuenta y dos días.
NEH.6.16	6	16	And it came to pass, that when all our enemies heard {thereof}, and all the heathen that {were} about us saw {these things}, they were much cast down in their own eyes: for they perceived that this work was wrought of our God.	0.2148	positive	Y como lo oyeron todos nuestros enemigos, temieron todas las gentes que estaban en nuestros alrededores, y abatiéronse mucho sus ojos, y conocieron que por nuestro Dios había sido hecha esta obra.
NEH.6.17	6	17	Moreover in those days the nobles of Judah sent many letters unto Tobiah, and {the letters} of Tobiah came unto them. {sent...: Heb. multiplied their letters passing to Tobiah}	0.5	positive	Asimismo en aquellos días iban muchas cartas de los principales de Judá á Tobías, y las de Tobías venían á ellos.
NEH.6.18	6	18	For {there were} many in Judah sworn unto him, because he {was} the son in law of Shechaniah the son of Arah; and his son Johanan had taken the daughter of Meshullam the son of Berechiah.	0.5	positive	Porque muchos en Judá se habían conjurado con él, porque era yerno de Sechânías hijo de Ara; y Johanán su hijo había tomado la hija de Mesullam, hijo de Berechîas.
NEH.6.19	6	19	Also they reported his good deeds before me, and uttered my words to him. {And} Tobiah sent letters to put me in fear. {words: or, matters}	0.7	positive	También contaban delante de mí sus buenas obras, y referíanle mis palabras. Y enviaba Tobías cartas para atemorizarme.
NEH.7.1	7	1	Now it came to pass, when the wall was built, and I had set up the doors, and the porters and the singers and the Levites were appointed,	0.0	neutral	Y LUEGO que el muro fué edificado, y asenté las puertas, y fueron señalados porteros y cantores y Levitas,
NEH.7.2	7	2	That I gave my brother Hanani, and Hananiah the ruler of the palace, charge over Jerusalem: for he {was} a faithful man, and feared God above many.	0.25	positive	Mandé á mi hermano Hanani, y á Hananías, príncipe del palacio de Jerusalem, (porque era éste, como varón de verdad y temeroso de Dios, sobre muchos;)
NEH.7.3	7	3	And I said unto them, Let not the gates of Jerusalem be opened until the sun be hot; and while they stand by, let them shut the doors, and bar {them}: and appoint watches of the inhabitants of Jerusalem, every one in his watch, and every one {to be} over against his house.	0.25	positive	Y díjeles: No se abran las puertas de Jerusalem hasta que caliente el sol: y aun ellos presentes, cierren las puertas, y atrancad. Y señalé guardas de los moradores de Jerusalem, cada cual en su guardia, y cada uno delante de su casa.
NEH.7.4	7	4	Now the city {was} large and great: but the people {were} few therein, and the houses {were} not builded. {large: Heb. broad in spaces}	0.2182	positive	Y la ciudad era espaciosa y grande, pero poco pueblo dentro de ella, y no había casas reedificadas.
NEH.7.5	7	5	And my God put into mine heart to gather together the nobles, and the rulers, and the people, that they might be reckoned by genealogy. And I found a register of the genealogy of them which came up at the first, and found written therein,	0.25	positive	Y puso Dios en mi corazón que juntase los principales, y los magistrados, y el pueblo, para que fuesen empadronados por el orden de sus linajes: y hallé el libro de la genealogía de los que habían subido antes, y encontré en él escrito:
NEH.7.6	7	6	These {are} the children of the province, that went up out of the captivity, of those that had been carried away, whom Nebuchadnezzar the king of Babylon had carried away, and came again to Jerusalem and to Judah, every one unto his city;	0.0	neutral	Estos son los hijos de la provincia que subieron de la cautividad, de la transmigración que hizo pasar Nabucodonosor rey de Babilonia, y que volvieron á Jerusalem y á Judá cada uno á su ciudad;
NEH.7.7	7	7	Who came with Zerubbabel, Jeshua, Nehemiah, Azariah, Raamiah, Nahamani, Mordecai, Bilshan, Mispereth, Bigvai, Nehum, Baanah. The number, {I say}, of the men of the people of Israel {was this}; {Azariah: also called, Seraiah}	0.0	neutral	Los cuales vinieron con Zorobabel, Jesuá, Nehemías, Azarías, Raamías, Nahamani, Mardochêo, Bilsán, Misperet, Bigvai, Nehum, Baana. La cuenta de los varones del pueblo de Israel:
NEH.7.8	7	8	The children of Parosh, two thousand an hundred seventy and two.	0.0	neutral	Los hijos de Paros, dos mil ciento setenta y dos;
NEH.7.9	7	9	The children of Shephatiah, three hundred seventy and two.	0.0	neutral	Los hijos de Sephatías, trescientos setenta y dos;
NEH.7.10	7	10	The children of Arah, six hundred fifty and two.	0.0	neutral	Los hijos de Ara, seiscientos cincuenta y dos;
NEH.7.11	7	11	The children of Pahathmoab, of the children of Jeshua and Joab, two thousand and eight hundred {and} eighteen.	0.0	neutral	Los hijos de Pahath-moab, de los hijos de Jesuá y de Joab, dos mil ochocientos dieciocho;
NEH.7.12	7	12	The children of Elam, a thousand two hundred fifty and four.	0.0	neutral	Los hijos de Elam, mil doscientos cincuenta y cuatro;
NEH.7.13	7	13	The children of Zattu, eight hundred forty and five.	0.0	neutral	Los hijos de Zattu, ochocientos cuarenta y cinco;
NEH.7.14	7	14	The children of Zaccai, seven hundred and threescore.	0.0	neutral	Los hijos de Zachâi, setecientos y sesenta;
NEH.7.15	7	15	The children of Binnui, six hundred forty and eight. {Binnui: also called, Bani}	0.0	neutral	Los hijos de Binnui, seiscientos cuarenta y ocho;
NEH.7.16	7	16	The children of Bebai, six hundred twenty and eight.	0.0	neutral	Los hijos de Bebai, seiscientos veintiocho;
NEH.7.17	7	17	The children of Azgad, two thousand three hundred twenty and two.	0.0	neutral	Los hijos de Azgad, dos mil seiscientos veintidós;
NEH.7.18	7	18	The children of Adonikam, six hundred threescore and seven.	0.0	neutral	Los hijos de Adonicam, seiscientos sesenta y siete;
NEH.7.19	7	19	The children of Bigvai, two thousand threescore and seven.	0.0	neutral	Los hijos de Bigvai, dos mil sesenta y siete;
NEH.7.20	7	20	The children of Adin, six hundred fifty and five.	0.0	neutral	Los hijos de Addin, seiscientos cincuenta y cinco;
NEH.7.21	7	21	The children of Ater of Hezekiah, ninety and eight.	0.0	neutral	Los hijos de Ater, de Ezechîas, noventa y ocho;
NEH.7.22	7	22	The children of Hashum, three hundred twenty and eight.	0.0	neutral	Los hijos de Hasum, trescientos veintiocho;
NEH.7.23	7	23	The children of Bezai, three hundred twenty and four.	0.0	neutral	Los hijos de Besai, trescientos veinticuatro;
NEH.7.24	7	24	The children of Hariph, an hundred and twelve. {Hariph: also called, Jora}	0.0	neutral	Los hijos de Hariph, ciento doce;
NEH.7.25	7	25	The children of Gibeon, ninety and five. {Gibeon: also called, Gibbar}	0.0	neutral	Los hijos de Gabaón, noventa y cinco;
NEH.7.26	7	26	The men of Bethlehem and Netophah, an hundred fourscore and eight.	0.0	neutral	Los varones de Beth-lehem y de Netopha, ciento ochenta y ocho;
NEH.7.27	7	27	The men of Anathoth, an hundred twenty and eight.	0.0	neutral	Los varones de Anathoth, ciento veintiocho;
NEH.7.28	7	28	The men of Bethazmaveth, forty and two. {Bethazmaveth: also called, Azmaveth}	0.0	neutral	Los varones de Beth-azmaveth, cuarenta y dos;
NEH.7.29	7	29	The men of Kirjathjearim, Chephirah, and Beeroth, seven hundred forty and three. {Kirjathjearim: also called, Kirjatharim}	0.0	neutral	Los varones de Chîriath-jearim, Chephira y Beeroth, setecientos cuarenta y tres;
NEH.7.30	7	30	The men of Ramah and Geba, six hundred twenty and one.	0.0	neutral	Los varones de Rama y de Gebaa, seiscientos veintiuno;
NEH.7.31	7	31	The men of Michmas, an hundred and twenty and two.	0.0	neutral	Los varones de Michmas, ciento veintidós;
NEH.7.32	7	32	The men of Bethel and Ai, an hundred twenty and three.	0.0	neutral	Los varones de Beth-el y de Ai, ciento veintitrés;
NEH.7.33	7	33	The men of the other Nebo, fifty and two.	-0.125	negative	Los varones de la otra Nebo, cincuenta y dos;
NEH.7.34	7	34	The children of the other Elam, a thousand two hundred fifty and four.	-0.125	negative	Los hijos de la otra Elam, mil doscientos cincuenta y cuatro;
NEH.7.35	7	35	The children of Harim, three hundred and twenty.	0.0	neutral	Los hijos de Harim, trescientos y veinte;
NEH.7.36	7	36	The children of Jericho, three hundred forty and five.	0.0	neutral	Los hijos de Jericó, trescientos cuarenta y cinco;
NEH.7.37	7	37	The children of Lod, Hadid, and Ono, seven hundred twenty and one.	0.0	neutral	Los hijos de Lod, de Hadid, y Ono, setecientos veintiuno;
NEH.7.38	7	38	The children of Senaah, three thousand nine hundred and thirty.	0.0	neutral	Los hijos de Senaa, tres mil novecientos y treinta.
NEH.7.39	7	39	The priests: the children of Jedaiah, of the house of Jeshua, nine hundred seventy and three.	0.0	neutral	Los sacerdotes: los hijos de Jedaías, de la casa de Jesuá, novecientos setenta y tres;
NEH.7.40	7	40	The children of Immer, a thousand fifty and two.	0.0	neutral	Los hijos de Immer, mil cincuenta y dos;
NEH.7.41	7	41	The children of Pashur, a thousand two hundred forty and seven.	0.0	neutral	Los hijos de Pashur, mil doscientos cuarenta y siete;
NEH.7.42	7	42	The children of Harim, a thousand and seventeen.	0.0	neutral	Los hijos de Harim, mil diez y siete.
NEH.7.43	7	43	The Levites: the children of Jeshua, of Kadmiel, {and} of the children of Hodevah, seventy and four. {Hodevah: also called, Hodaviah or Judah}	0.0	neutral	Levitas: los hijos de Jesuá, de Cadmiel, de los hijos de Odevía, setenta y cuatro.
NEH.7.44	7	44	The singers: the children of Asaph, an hundred forty and eight.	0.0	neutral	Cantores: los hijos de Asaph, ciento cuarenta y ocho.
NEH.7.45	7	45	The porters: the children of Shallum, the children of Ater, the children of Talmon, the children of Akkub, the children of Hatita, the children of Shobai, an hundred thirty and eight.	0.0	neutral	Porteros: los hijos de Sallum, los hijos de Ater, los hijos de Talmón, los hijos de Accub, los hijos de Hatita, los hijos de Sobai, ciento treinta y ocho.
NEH.7.46	7	46	The Nethinims: the children of Ziha, the children of Hashupha, the children of Tabbaoth,	0.0	neutral	Nethineos: los hijos de Siha, los hijos de Hasupha, los hijos de Thabaoth,
NEH.7.47	7	47	The children of Keros, the children of Sia, the children of Padon,	0.0	neutral	Los hijos de Chêros, los hijos de Siaa, los hijos de Phadón,
NEH.7.48	7	48	The children of Lebana, the children of Hagaba, the children of Shalmai,	0.0	neutral	Los hijos de Lebana, los hijos de Hagaba, los hijos de Salmai,
NEH.7.49	7	49	The children of Hanan, the children of Giddel, the children of Gahar,	0.0	neutral	Los hijos de Hanán, los hijos de Giddel, los hijos de Gahar,
NEH.7.50	7	50	The children of Reaiah, the children of Rezin, the children of Nekoda,	0.0	neutral	Los hijos de Rehaía, los hijos de Resín, los hijos de Necoda,
NEH.7.51	7	51	The children of Gazzam, the children of Uzza, the children of Phaseah,	0.0	neutral	Los hijos de Gazzam, los hijos de Uzza, los hijos de Phasea,
NEH.7.52	7	52	The children of Besai, the children of Meunim, the children of Nephishesim,	0.0	neutral	Los hijos de Besai, los hijos de Meunim, los hijos de Nephisesim,
NEH.7.53	7	53	The children of Bakbuk, the children of Hakupha, the children of Harhur,	0.0	neutral	Los hijos de Bacbuc, los hijos de Hacupha, los hijos de Harhur,
NEH.7.54	7	54	The children of Bazlith, the children of Mehida, the children of Harsha,	0.0	neutral	Los hijos de Baslith, los hijos de Mehida, los hijos de Harsa,
NEH.7.55	7	55	The children of Barkos, the children of Sisera, the children of Tamah,	0.0	neutral	Los hijos de Barcos, los hijos de Sísera, los hijos de Tema,
NEH.7.56	7	56	The children of Neziah, the children of Hatipha.	0.0	neutral	Los hijos de Nesía, los hijos de Hatipha.
NEH.7.57	7	57	The children of Solomon's servants: the children of Sotai, the children of Sophereth, the children of Perida,	0.0	neutral	Los hijos de los siervos de Salomón: los hijos de Sotai, los hijos de Sophereth, los hijos de Perida,
NEH.7.58	7	58	The children of Jaala, the children of Darkon, the children of Giddel,	0.0	neutral	Los hijos de Jahala, los hijos de Darcón, los hijos de Giddel,
NEH.7.59	7	59	The children of Shephatiah, the children of Hattil, the children of Pochereth of Zebaim, the children of Amon. {Amon: also called, Ami}	0.0	neutral	Los hijos de Sephatías, los hijos de Hattil, los hijos de Pochêreth-hassebaim, los hijos de Amón.
NEH.7.60	7	60	All the Nethinims, and the children of Solomon's servants, {were} three hundred ninety and two.	0.0	neutral	Todos los Nethineos, é hijos de los siervos de Salomón, trescientos noventa y dos.
NEH.7.61	7	61	And these {were} they which went up {also} from Telmelah, Telharesha, Cherub, Addon, and Immer: but they could not shew their father's house, nor their seed, whether they {were} of Israel. {seed: or, pedigree}	0.0	neutral	Y estos son los que subieron de Tel-melah, Tel-harsa, Chêrub, Addón, é Immer, los cuales no pudieron mostrar la casa de sus padres, ni su linaje, si eran de Israel:
NEH.7.62	7	62	The children of Delaiah, the children of Tobiah, the children of Nekoda, six hundred forty and two.	0.0	neutral	Los hijos de Delaía, los hijos de Tobías, los hijos de Necoda, seiscientos cuarenta y dos.
NEH.7.63	7	63	And of the priests: the children of Habaiah, the children of Koz, the children of Barzillai, which took {one} of the daughters of Barzillai the Gileadite to wife, and was called after their name.	0.0	neutral	Y de los sacerdotes: los hijos de Habaías, los hijos de Cos, los hijos de Barzillai, el cual tomó mujer de las hijas de Barzillai Galaadita, y se llamó del nombre de ellas.
NEH.7.64	7	64	These sought their register {among} those that were reckoned by genealogy, but it was not found: therefore were they, as polluted, put from the priesthood.	0.0	neutral	Estos buscaron su registro de genealogías, y no se halló; y fueron echados del sacerdocio.
NEH.7.65	7	65	And the Tirshatha said unto them, that they should not eat of the most holy things, till there stood {up} a priest with Urim and Thummim. {the Tirshatha: or, the governor}	0.5	positive	Y díjoles el Tirsatha que no comiesen de las cosas más santas, hasta que hubiese sacerdote con Urim y Thummim.
NEH.7.66	7	66	The whole congregation together {was} forty and two thousand three hundred and threescore,	0.2	positive	La congregación toda junta era de cuarenta y dos mil trescientos y sesenta,
NEH.7.67	7	67	Beside their manservants and their maidservants, of whom {there were} seven thousand three hundred thirty and seven: and they had two hundred forty and five singing men and singing women.	0.0	neutral	Sin sus siervos y siervas, que eran siete mil trescientos treinta y siete; y entre ellos había doscientos cuarenta y cinco cantores y cantoras.
NEH.7.68	7	68	Their horses, seven hundred thirty and six: their mules, two hundred forty and five:	0.0	neutral	Sus caballos, setecientos treinta y seis; sus mulos, doscientos cuarenta y cinco;
NEH.7.69	7	69	{Their} camels, four hundred thirty and five: six thousand seven hundred and twenty asses.	0.0	neutral	Camellos, cuatrocientos treinta y cinco; asnos, seis mil setecientos y veinte.
NEH.7.70	7	70	And some of the chief of the fathers gave unto the work. The Tirshatha gave to the treasure a thousand drams of gold, fifty basons, five hundred and thirty priests' garments. {some: Heb. part.} {the Tirshatha: or, the governor}	0.0	neutral	Y algunos de los príncipes de las familias dieron para la obra. El Tirsatha dió para el tesoro mil dracmas de oro, cincuenta tazones, y quinientas treinta vestiduras sacerdotales.
NEH.7.71	7	71	And {some} of the chief of the fathers gave to the treasure of the work twenty thousand drams of gold, and two thousand and two hundred pound of silver.	0.0	neutral	Y de los príncipes de las familias dieron para el tesoro de la obra, veinte mil dracmas de oro, y dos mil y doscientas libras de plata.
NEH.7.72	7	72	And {that} which the rest of the people gave {was} twenty thousand drams of gold, and two thousand pound of silver, and threescore and seven priests' garments.	0.0	neutral	Y lo que dió el resto del pueblo fué veinte mil dracmas de oro, y dos mil libras de plata, y sesenta y siete vestiduras sacerdotales.
NEH.7.73	7	73	So the priests, and the Levites, and the porters, and the singers, and {some} of the people, and the Nethinims, and all Israel, dwelt in their cities; and when the seventh month came, the children of Israel {were} in their cities.	0.0	neutral	Y habitaron los sacerdotes y los Levitas, y los porteros, y los cantores, y los del pueblo, y los Nethineos, y todo Israel, en sus ciudades. Y venido el mes séptimo, los hijos de Israel estaban en sus ciudades.
NEH.8.1	8	1	And all the people gathered themselves together as one man into the street that {was} before the water gate; and they spake unto Ezra the scribe to bring the book of the law of Moses, which the LORD had commanded to Israel.	0.0	neutral	Y JUNTOSE todo el pueblo como un solo hombre en la plaza que está delante de la puerta de las Aguas, y dijeron á Esdras el escriba, que trajese el libro de la ley de Moisés, la cual mandó Jehová á Israel.
NEH.8.2	8	2	And Ezra the priest brought the law before the congregation both of men and women, and all that could hear with understanding, upon the first day of the seventh month. {that...: Heb. that understood in hearing}	0.25	positive	Y Esdras el sacerdote, trajo la ley delante de la congregación, así de hombres como de mujeres, y de todo entendido para escuchar, el primer día del mes séptimo.
NEH.8.3	8	3	And he read therein before the street that {was} before the water gate from the morning until midday, before the men and the women, and those that could understand; and the ears of all the people {were attentive} unto the book of the law. {from...: Heb. from the light}	0.4	positive	Y leyó en el libro delante de la plaza que está delante de la puerta de las Aguas, desde el alba hasta el medio día, en presencia de hombres y mujeres y entendidos; y los oídos de todo el pueblo estaban atentos al libro de la ley.
NEH.8.4	8	4	And Ezra the scribe stood upon a pulpit of wood, which they had made for the purpose; and beside him stood Mattithiah, and Shema, and Anaiah, and Urijah, and Hilkiah, and Maaseiah, on his right hand; and on his left hand, Pedaiah, and Mishael, and Malchiah, and Hashum, and Hashbadana, Zechariah, {and} Meshullam. {pulpit...: Heb. tower of wood}	0.1429	positive	Y Esdras el escriba estaba sobre un púlpito de madera, que habían hecho para ello; y junto á él estaban Mathithías, y Sema, y Anías, y Urías, é Hilcías, y Maasías, á su mano derecha; y á su mano izquierda, Pedaía, Misael, y Malchîas, y Hasum, y Hasbedana, Zachârías, y Mesullam.
NEH.8.5	8	5	And Ezra opened the book in the sight of all the people; (for he was above all the people;) and when he opened it, all the people stood up: {sight: Heb. eyes}	-0.1667	negative	Abrió pues Esdras el libro á ojos de todo el pueblo, (porque estaba más alto que todo el pueblo); y como lo abrió, todo el pueblo estuvo atento.
NEH.8.6	8	6	And Ezra blessed the LORD, the great God. And all the people answered, Amen, Amen, with lifting up their hands: and they bowed their heads, and worshipped the LORD with {their} faces to the ground.	0.8	positive	Bendijo entonces Esdras á Jehová, Dios grande. Y todo el pueblo respondió, ¡Amén! ¡Amén! alzando sus manos; y humilláronse, y adoraron á Jehová inclinados á tierra.
NEH.8.7	8	7	Also Jeshua, and Bani, and Sherebiah, Jamin, Akkub, Shabbethai, Hodijah, Maaseiah, Kelita, Azariah, Jozabad, Hanan, Pelaiah, and the Levites, caused the people to understand the law: and the people {stood} in their place.	0.0	neutral	Y Jesuá, y Bani, y Serebías, Jamín, Accub, Sabethai, Odías, Maasías, Celita, Azarías, Jozabed, Hanán, Pelaía, Levitas, hacían entender al pueblo la ley: y el pueblo estaba en su lugar.
NEH.8.8	8	8	So they read in the book in the law of God distinctly, and gave the sense, and caused {them} to understand the reading.	0.3	positive	Y leían en el libro de la ley de Dios claramente, y ponían el sentido, de modo que entendiesen la lectura.
NEH.8.9	8	9	And Nehemiah, which {is} the Tirshatha, and Ezra the priest the scribe, and the Levites that taught the people, said unto all the people, This day {is} holy unto the LORD your God; mourn not, nor weep. For all the people wept, when they heard the words of the law. {the Tirshatha: or, the governor}	0.0	neutral	Y Nehemías el Tirsatha, y el sacerdote Esdras, escriba, y los Levitas que hacían entender al pueblo, dijeron á todo el pueblo: Día santo es á Jehová nuestro Dios; no os entristezcáis, ni lloréis: porque todo el pueblo lloraba oyendo las palabras de la ley.
NEH.8.10	8	10	Then he said unto them, Go your way, eat the fat, and drink the sweet, and send portions unto them for whom nothing is prepared: for {this} day {is} holy unto our Lord: neither be ye sorry; for the joy of the LORD is your strength.	0.2167	positive	Díjoles luego: Id, comed grosuras, y bebed vino dulce, y enviad porciones á los que no tienen prevenido; porque día santo es á nuestro Señor: y no os entristezcáis, porque el gozo de Jehová es vuestra fortaleza.
NEH.8.11	8	11	So the Levites stilled all the people, saying, Hold your peace, for the day {is} holy; neither be ye grieved.	0.0	neutral	Los Levitas pues, hacían callar á todo el pueblo, diciendo: Callad, que es día santo, y no os entristezcáis.
NEH.8.12	8	12	And all the people went their way to eat, and to drink, and to send portions, and to make great mirth, because they had understood the words that were declared unto them.	0.8	positive	Y todo el pueblo se fué á comer y á beber, y á enviar porciones, y á gozar de grande alegría, porque habían entendido las palabras que les habían enseñado.
NEH.8.13	8	13	And on the second day were gathered together the chief of the fathers of all the people, the priests, and the Levites, unto Ezra the scribe, even to understand the words of the law. {to understand...: or, that they might instruct in the words of the law}	0.0	neutral	Y el día siguiente se juntaron los príncipes de las familias de todo el pueblo, sacerdotes, y Levitas, á Esdras escriba, para entender las palabras de la ley.
NEH.8.14	8	14	And they found written in the law which the LORD had commanded by Moses, that the children of Israel should dwell in booths in the feast of the seventh month: {by: Heb. by the hand of}	-0.75	negative	Y hallaron escrito en la ley que Jehová había mandado por mano de Moisés, que habitasen los hijos de Israel en cabañas en la solemnidad del mes séptimo;
NEH.8.15	8	15	And that they should publish and proclaim in all their cities, and in Jerusalem, saying, Go forth unto the mount, and fetch olive branches, and pine branches, and myrtle branches, and palm branches, and branches of thick trees, to make booths, as {it is} written.	-0.3	negative	Y que hiciesen saber, y pasar pregón por todas sus ciudades y por Jerusalem, diciendo: Salid al monte, y traed ramos de oliva, y ramos de pino, y ramos de arrayán, y ramos de palmas, y ramos de todo árbol espeso, para hacer cabañas como está escrito.
NEH.8.16	8	16	So the people went forth, and brought {them}, and made themselves booths, every one upon the roof of his house, and in their courts, and in the courts of the house of God, and in the street of the water gate, and in the street of the gate of Ephraim.	0.0	neutral	Salió pues el pueblo, y trajeron, é hiciéronse cabañas, cada uno sobre su terrado, y en sus patios, y en los patios de la casa de Dios, y en la plaza de la puerta de las Aguas, y en la plaza de la puerta de Ephraim.
NEH.8.17	8	17	And all the congregation of them that were come again out of the captivity made booths, and sat under the booths: for since the days of Jeshua the son of Nun unto that day had not the children of Israel done so. And there was very great gladness.	1.0	positive	Y toda la congregación que volvió de la cautividad hicieron cabañas, y en cabañas habitaron; porque desde los días de Josué hijo de Nun hasta aquel día, no habían hecho así los hijos de Israel. Y hubo alegría muy grande.
NEH.8.18	8	18	Also day by day, from the first day unto the last day, he read in the book of the law of God. And they kept the feast seven days; and on the eighth day {was} a solemn assembly, according unto the manner. {a solemn...: Heb. a restraint}	0.125	positive	Y leyó Esdras en el libro de la ley de Dios cada día, desde el primer día hasta el postrero; é hicieron la solemnidad por siete días, y al octavo día congregación, según el rito.
NEH.9.1	9	1	Now in the twenty and fourth day of this month the children of Israel were assembled with fasting, and with sackclothes, and earth upon them.	0.0	neutral	Y EL día veinticuatro del mismo mes se juntaron los hijos de Israel en ayuno, y con sacos, y tierra sobre sí.
NEH.9.2	9	2	And the seed of Israel separated themselves from all strangers, and stood and confessed their sins, and the iniquities of their fathers. {strangers: Heb. strange children}	-0.05	neutral	Y habíase ya apartado la simiente de Israel de todos los extranjeros; y estando en pie, confesaron sus pecados, y las iniquidades de sus padres.
NEH.9.3	9	3	And they stood up in their place, and read in the book of the law of the LORD their God {one} fourth part of the day; and {another} fourth part they confessed, and worshipped the LORD their God.	0.0	neutral	Y puestos de pie en su lugar, leyeron en el libro de la ley de Jehóva su Dios la cuarta parte del día, y la cuarta parte confesaron y adoraron á Jehóva su Dios.
NEH.9.4	9	4	Then stood up upon the stairs, of the Levites, Jeshua, and Bani, Kadmiel, Shebaniah, Bunni, Sherebiah, Bani, {and} Chenani, and cried with a loud voice unto the LORD their God. {stairs: or, scaffold}	0.1	neutral	Levantáronse luego sobre la grada de los Levitas, Jesuá y Bunni, Serebias, Dani Cadmiel, Sebanías, Bani y Chênani, y clamaron en voz alta á Jehová su Dios.
NEH.9.5	9	5	Then the Levites, Jeshua, and Kadmiel, Bani, Hashabniah, Sherebiah, Hodijah, Shebaniah, {and} Pethahiah, said, Stand up {and} bless the LORD your God for ever and ever: and blessed be thy glorious name, which is exalted above all blessing and praise.	0.0	neutral	Y dijeron los Levitas, Jesuá y Cadmiel, Bani, Hosabnías, Serebías, Odaías, Sebanías y Pethaía: Levantaos, bendecid á Jehová vuestro Dios desde el siglo hasta el siglo: y bendigan el nombre tuyo, glorioso y alto sobre toda bendición y alabanza.
NEH.9.6	9	6	Thou, {even} thou, {art} LORD alone; thou hast made heaven, the heaven of heavens, with all their host, the earth, and all {things} that {are} therein, the seas, and all that {is} therein, and thou preservest them all; and the host of heaven worshippeth thee.	0.0	neutral	Tú, oh Jehová, eres solo; tú hiciste los cielos, y los cielos de los cielos, y toda su milicia, la tierra y todo lo que está en ella, los mares y todo lo que hay en ellos; y tú vivificas todas estas cosas, y los ejércitos de los cielos te adoran.
NEH.9.7	9	7	Thou {art} the LORD the God, who didst choose Abram, and broughtest him forth out of Ur of the Chaldees, and gavest him the name of Abraham;	0.0	neutral	Tú, eres oh Jehová, el Dios que escogiste á Abram, y lo sacaste de Ur de los Caldeos, y pusístele el nombre Abraham;
NEH.9.8	9	8	And foundest his heart faithful before thee, and madest a covenant with him to give the land of the Canaanites, the Hittites, the Amorites, and the Perizzites, and the Jebusites, and the Girgashites, to give {it, I say}, to his seed, and hast performed thy words; for thou {art} righteous:	0.0	neutral	Y hallaste fiel su corazón delante de ti, é hiciste con él alianza para darle la tierra del Cananeo, del Hetheo, y del Amorreheo, y del Pherezeo, y del Jebuseo, y del Gergeseo, para darla á su simiente: y cumpliste tu palabra, porque eres justo.
NEH.9.9	9	9	And didst see the affliction of our fathers in Egypt, and heardest their cry by the Red sea;	0.0	neutral	Y miraste la aflicción de nuestos padres en Egipto, y oíste el clamor de ellos en el mar Bermejo;
NEH.9.10	9	10	And shewedst signs and wonders upon Pharaoh, and on all his servants, and on all the people of his land: for thou knewest that they dealt proudly against them. So didst thou get thee a name, as {it is} this day.	0.8	positive	Y diste señales y maravillas en Faraón, y en todos sus siervos, y en todo el pueblo de su tierra; porque sabías que habían hecho soberbiamente contra ellos; é hicíste nombre grande, como este día.
NEH.9.11	9	11	And thou didst divide the sea before them, so that they went through the midst of the sea on the dry land; and their persecutors thou threwest into the deeps, as a stone into the mighty waters.	0.1667	positive	Y dividiste la mar delante de ellos y pasaron por medio de ella en seco; y á sus perseguidores echaste en los profundos, como una piedra en grandes aguas.
NEH.9.12	9	12	Moreover thou leddest them in the day by a cloudy pillar; and in the night by a pillar of fire, to give them light in the way wherein they should go.	0.4	positive	Y con columna de nube los guiaste de día, y con columna de fuego de noche, para alumbrarles el camino por donde habían de ir.
NEH.9.13	9	13	Thou camest down also upon mount Sinai, and spakest with them from heaven, and gavest them right judgments, and true laws, good statutes and commandments: {true...: Heb. laws of truth}	0.13	positive	Y sobre el monte de Sinaí descendiste, y hablaste con ellos desde el cielo, y dísteles juicios rectos, leyes verdaderas, y estatutos y mandamientos buenos:
NEH.9.14	9	14	And madest known unto them thy holy sabbath, and commandedst them precepts, statutes, and laws, by the hand of Moses thy servant:	0.0	neutral	Y notificásteles el sábado tuyo santo, y les prescribiste, por mano de Moisés tu siervo, mandamientos y estatutos y ley.
NEH.9.15	9	15	And gavest them bread from heaven for their hunger, and broughtest forth water for them out of the rock for their thirst, and promisedst them that they should go in to possess the land which thou hadst sworn to give them. {which...: Heb. which thou hadst lift up thine hand to give them}	0.0	neutral	Y dísteles pan del cielo en su hambre, y en su sed les sacaste aguas de la piedra; y dijísteles que entrasen á poseer la tierra, por la cual alzaste tu mano que se la habías de dar.
NEH.9.16	9	16	But they and our fathers dealt proudly, and hardened their necks, and hearkened not to thy commandments,	0.8	positive	Mas ellos y nuestros padres hicieron soberbiamente, y endurecieron su cerviz, y no escucharon tus mandamientos,
NEH.9.17	9	17	And refused to obey, neither were mindful of thy wonders that thou didst among them; but hardened their necks, and in their rebellion appointed a captain to return to their bondage: but thou {art} a God ready to pardon, gracious and merciful, slow to anger, and of great kindness, and forsookest them not. {a God...: Heb. a God of pardons}	0.0	neutral	Y no quisieron oir, ni se acordaron de tus maravillas que habías hecho con ellos; antes endurecieron su cerviz, y en su rebelión pensaron poner caudillo para volverse á su servidumbre. Tú empero, eres Dios de perdones, clemente y piadoso, tardo para la ira, y de mucha misericordia, que no los dejaste.
NEH.9.18	9	18	Yea, when they had made them a molten calf, and said, This {is} thy God that brought thee up out of Egypt, and had wrought great provocations;	0.8	positive	Además, cuando hicieron para sí becerro de fundición, y dijeron: Este es tu Dios que te hizo subir de Egipto; y cometieron grandes abominaciones;
NEH.9.19	9	19	Yet thou in thy manifold mercies forsookest them not in the wilderness: the pillar of the cloud departed not from them by day, to lead them in the way; neither the pillar of fire by night, to shew them light, and the way wherein they should go.	0.4	positive	Tú, con todo, por tus muchas misericordias no los abandonaste en el desierto: la columna de nube no se apartó de ellos de día, para guiarlos por el camino, ni la columna de fuego de noche, para alumbrarles el camino por el cual habían de ir.
NEH.9.20	9	20	Thou gavest also thy good spirit to instruct them, and withheldest not thy manna from their mouth, and gavest them water for their thirst.	0.7	positive	Y diste tu espíritu bueno para enseñarlos, y no retiraste tu maná de su boca, y agua les diste en su sed.
NEH.9.21	9	21	Yea, forty years didst thou sustain them in the wilderness, {so that} they lacked nothing; their clothes waxed not old, and their feet swelled not.	-0.05	neutral	Y sustentástelos cuarenta años en el desierto; de ninguna cosa tuvieron necesidad: sus vestidos no se envejecieron, ni se hincharon sus pies.
NEH.9.22	9	22	Moreover thou gavest them kingdoms and nations, and didst divide them into corners: so they possessed the land of Sihon, and the land of the king of Heshbon, and the land of Og king of Bashan.	0.0	neutral	Y dísteles reinos y pueblos, y los distribuiste por cantones: y poseyeron la tierra de Sehón, y la tierra del rey Hesbón, y la tierra de Og rey de Basán.
NEH.9.23	9	23	Their children also multipliedst thou as the stars of heaven, and broughtest them into the land, concerning which thou hadst promised to their fathers, that they should go in to possess {it}.	0.0	neutral	Y multiplicaste sus hijos como las estrellas del cielo, y metístelos en la tierra, de la cual habías dicho á sus padres que habían de entrar á poseerla.
NEH.9.24	9	24	So the children went in and possessed the land, and thou subduedst before them the inhabitants of the land, the Canaanites, and gavest them into their hands, with their kings, and the people of the land, that they might do with them as they would. {as they...: Heb. according to their will}	0.0	neutral	Y los hijos vinieron y poseyeron la tierra, y humillaste delante de ellos á los moradores del país, á los Cananeos, los cuales entregaste en su mano, y á sus reyes, y á los pueblos de la tierra, para que hiciesen de ellos á su voluntad.
NEH.9.25	9	25	And they took strong cities, and a fat land, and possessed houses full of all goods, wells digged, vineyards, and oliveyards, and fruit trees in abundance: so they did eat, and were filled, and became fat, and delighted themselves in thy great goodness. {wells: or, cisterns} {fruit...: Heb. tree of food}	0.5367	positive	Y tomaron ciudades fortalecidas, y tierra pingüe, y heredaron casas llenas de todo bien, cisternas hechas, viñas y olivares, y muchos árboles de comer; y comieron, y hartáronse, y engrosáronse, y deleitáronse en tu grande bondad.
NEH.9.26	9	26	Nevertheless they were disobedient, and rebelled against thee, and cast thy law behind their backs, and slew thy prophets which testified against them to turn them to thee, and they wrought great provocations.	0.2	positive	Empero te irritaron, y rebeláronse contra ti, y echaron tu ley tras sus espaldas, y mataron tus profetas que protestaban contra ellos para convertirlos á ti; é hicieron grandes abominaciones.
NEH.9.27	9	27	Therefore thou deliveredst them into the hand of their enemies, who vexed them: and in the time of their trouble, when they cried unto thee, thou heardest {them} from heaven; and according to thy manifold mercies thou gavest them saviours, who saved them out of the hand of their enemies.	-0.2	negative	Y entregástelos en mano de sus enemigos, los cuales los afligieron: y en el tiempo de su tribulación clamaron á ti, y tú desde los cielos los oíste; y según tus muchas miseraciones les dabas salvadores, que los salvasen de mano de sus enemigos.
NEH.9.28	9	28	But after they had rest, they did evil again before thee: therefore leftest thou them in the hand of their enemies, so that they had the dominion over them: yet when they returned, and cried unto thee, thou heardest {them} from heaven; and many times didst thou deliver them according to thy mercies; {they did...: Heb. they returned to do evil}	-0.5	negative	Mas en teniendo reposo, se volvían á hacer lo malo delante de ti; por lo cual los dejaste en mano de sus enemigos, que se enseñorearon de ellos: pero convertidos clamaban otra vez á ti, y tú desde los cielos los oías, y según tus miseraciones muchas veces los libraste.
NEH.9.29	9	29	And testifiedst against them, that thou mightest bring them again unto thy law: yet they dealt proudly, and hearkened not unto thy commandments, but sinned against thy judgments, (which if a man do, he shall live in them;) and withdrew the shoulder, and hardened their neck, and would not hear. {withdrew...: Heb. they gave a withdrawing shoulder}	0.3955	positive	Y protestásteles que se volviesen á tu ley; mas ellos hicieron soberbiamente, y no oyeron tus mandamientos, sino que pecaron contra tus juicios, los cuales si el hombre hiciere, en ellos vivirá; y dieron hombro renitente, y endurecieron su cerviz, y no escucharon.
NEH.9.30	9	30	Yet many years didst thou forbear them, and testifiedst against them by thy spirit in thy prophets: yet would they not give ear: therefore gavest thou them into the hand of the people of the lands. {forbear...: Heb. protract over them} {in thy...: Heb. in the hand of thy prophets}	0.5	positive	Y alargaste sobre ellos muchos años, y protestásteles con tu espíritu por mano de tus profetas, mas no escucharon; por lo cual los entregaste en mano de los pueblos de la tierra.
NEH.9.31	9	31	Nevertheless for thy great mercies' sake thou didst not utterly consume them, nor forsake them; for thou {art} a gracious and merciful God.	0.4	positive	Empero por tus muchas misericordias no los consumiste, ni los dejaste; porque eres Dios clemente y misericordioso.
NEH.9.32	9	32	Now therefore, our God, the great, the mighty, and the terrible God, who keepest covenant and mercy, let not all the trouble seem little before thee, that hath come upon us, on our kings, on our princes, and on our priests, and on our prophets, and on our fathers, and on all thy people, since the time of the kings of Assyria unto this day. {trouble: Heb. weariness} {that...: Heb. that hath found us}	-0.0646	neutral	Ahora pues, Dios nuestro, Dios grande, fuerte, terrible, que guardas el pacto y la misericordia, no sea tenido en poco delante de ti todo el trabajo que nos ha alcanzando á nuestros reyes, á nuestros príncipes, á nuestros sacerdotes, y á nuestros profetas, y á nuestros padres, y á todo tu pueblo, desde los días de los reyes de Asiria hasta este día.
NEH.9.33	9	33	Howbeit thou {art} just in all that is brought upon us; for thou hast done right, but we have done wickedly:	0.2857	positive	Tú empero eres justo en todo lo que ha venido sobre nosotros; porque rectamente has hecho, mas nosotros hemos hecho lo malo:
NEH.9.34	9	34	Neither have our kings, our princes, our priests, nor our fathers, kept thy law, nor hearkened unto thy commandments and thy testimonies, wherewith thou didst testify against them.	0.0	neutral	Y nuestros reyes, nuestros príncipes, nuestros sacerdotes, y nuestros padres, no pusieron por obra tu ley, ni atendieron á tus mandamiento y á tus testimonios, con que les protestabas.
NEH.9.35	9	35	For they have not served thee in their kingdom, and in thy great goodness that thou gavest them, and in the large and fat land which thou gavest before them, neither turned they from their wicked works.	0.5071	positive	Y ellos en su reino y en tu mucho bien que les diste, y en la tierra espaciosa y pingüe que entregaste delante de ellos, no te sirvieron, ni se convirtieron de sus malas obras.
NEH.9.36	9	36	Behold, we {are} servants this day, and {for} the land that thou gavest unto our fathers to eat the fruit thereof and the good thereof, behold, we {are} servants in it:	0.7	positive	He aquí que hoy somos siervos, henos aquí, siervos en la tierra que diste á nuestros padres para que comiesen sus fruto y su bien.
NEH.9.37	9	37	And it yieldeth much increase unto the kings whom thou hast set over us because of our sins: also they have dominion over our bodies, and over our cattle, at their pleasure, and we {are} in great distress.	0.5	positive	Y se multiplica su fruto para los reyes que has puesto sobre nosotros por nuestros pecados, quienes se enseñorean sobre nuestros cuerpos, y sobre nuestras bestias, conforme á su voluntad, y estamos en grande angustia.
NEH.9.38	9	38	And because of all this we make a sure {covenant}, and write {it}; and our princes, Levites, {and} priests, seal {unto it}. {seal: Heb. are at the sealing, or, sealed}	0.5	positive	A causa pues de todo eso nosotros hacemos fiel alianza, y la escribimos, signada de nuestros príncipes, de nuestros Levitas, y de nuestros sacerdotes.
NEH.10.1	10	1	Now those that sealed {were}, Nehemiah, the Tirshatha, the son of Hachaliah, and Zidkijah, {those...: Heb. at the sealings} {the Tirshatha: or, the governor}	0.0	neutral	y LOS que firmaron fueron, Nehemías el Tirsatha, hijo de Hachâlías, y Sedecías,
NEH.10.2	10	2	Seraiah, Azariah, Jeremiah,	0.0	neutral	Seraías, Azarías, Jeremías,
NEH.10.3	10	3	Pashur, Amariah, Malchijah,	0.0	neutral	Pashur, Amarías, Malchías,
NEH.10.4	10	4	Hattush, Shebaniah, Malluch,	0.0	neutral	Hattus, Sebanías, Malluch,
NEH.10.5	10	5	Harim, Meremoth, Obadiah,	0.0	neutral	Harim, Meremoth, Obadías,
NEH.10.6	10	6	Daniel, Ginnethon, Baruch,	0.0	neutral	Daniel, Ginethón, Baruch,
NEH.10.7	10	7	Meshullam, Abijah, Mijamin,	0.0	neutral	Mesullam, Abías, Miamín,
NEH.10.8	10	8	Maaziah, Bilgai, Shemaiah: these {were} the priests.	0.0	neutral	Maazías, Bilgai, Semeías: estos, sacerdotes.
NEH.10.9	10	9	And the Levites: both Jeshua the son of Azaniah, Binnui of the sons of Henadad, Kadmiel;	0.0	neutral	Y Levitas: Jesuá hijo de Azanías, Binnui de los hijos de Henadad, Cadmiel;
NEH.10.10	10	10	And their brethren, Shebaniah, Hodijah, Kelita, Pelaiah, Hanan,	0.0	neutral	Y sus hermanos Sebanías, Odaía, Celita, Pelaías, Hanán;
NEH.10.11	10	11	Micha, Rehob, Hashabiah,	0.0	neutral	Michâ, Rehob, Hasabías,
NEH.10.12	10	12	Zaccur, Sherebiah, Shebaniah,	0.0	neutral	Zachû, Serebías, Sebanías,
NEH.10.13	10	13	Hodijah, Bani, Beninu.	0.0	neutral	Odaía, Bani, Beninu.
NEH.10.14	10	14	The chief of the people; Parosh, Pahathmoab, Elam, Zatthu, Bani,	0.0	neutral	Cabezas del pueblo: Pharos, Pahath-moab, Elam, Zattu, Bani,
NEH.10.15	10	15	Bunni, Azgad, Bebai,	0.0	neutral	Bunni, Azgad, Bebai,
NEH.10.16	10	16	Adonijah, Bigvai, Adin,	0.0	neutral	Adonías, Bigvai, Adín,
NEH.10.17	10	17	Ater, Hizkijah, Azzur,	0.0	neutral	Ater, Ezekías, Azur,
NEH.10.18	10	18	Hodijah, Hashum, Bezai,	0.0	neutral	Odaía, Hasum, Besai,
NEH.10.19	10	19	Hariph, Anathoth, Nebai,	0.0	neutral	Ariph, Anathoth, Nebai,
NEH.10.20	10	20	Magpiash, Meshullam, Hezir,	0.0	neutral	Magpías, Mesullam, Hezir,
NEH.10.21	10	21	Meshezabeel, Zadok, Jaddua,	0.0	neutral	Mesezabeel, Sadoc, Jadua,
NEH.10.22	10	22	Pelatiah, Hanan, Anaiah,	0.0	neutral	Pelatías, Hanán, Anaías,
NEH.10.23	10	23	Hoshea, Hananiah, Hashub,	0.0	neutral	Hoseas, Hananías, Asub,
NEH.10.24	10	24	Hallohesh, Pileha, Shobek,	0.0	neutral	Lohes, Pilha, Sobec,
NEH.10.25	10	25	Rehum, Hashabnah, Maaseiah,	0.0	neutral	Rehum, Hasabna, Maaseías,
NEH.10.26	10	26	And Ahijah, Hanan, Anan,	0.0	neutral	Y Ahijas, Hanán, Anan,
NEH.10.27	10	27	Malluch, Harim, Baanah.	0.0	neutral	Malluch, Harim, Baana.
NEH.10.28	10	28	And the rest of the people, the priests, the Levites, the porters, the singers, the Nethinims, and all they that had separated themselves from the people of the lands unto the law of God, their wives, their sons, and their daughters, every one having knowledge, and having understanding;	0.0	neutral	Y el resto del pueblo, los sacerdotes, Levitas, porteros, y cantores, Nethineos, y todos los que se habían apartado de los pueblos de las tierras á la ley de Dios, sus mujeres, sus hijos y sus hijas, y todo el que tenía comprensión y discernimiento,
NEH.10.29	10	29	They clave to their brethren, their nobles, and entered into a curse, and into an oath, to walk in God's law, which was given by Moses the servant of God, and to observe and do all the commandments of the LORD our Lord, and his judgments and his statutes; {by: Heb. by the hand of}	0.0	neutral	Adhiriéronse á sus hermanos, sus principales, y vinieron en la protestación y en el juramento de que andarían en la ley de Dios, que fué dada por mano de Moisés siervo de Dios, y que guardarían y cumplirían todos los mandamientos de Jehová nuestro Señor, y sus juicios y sus estatutos;
NEH.10.30	10	30	And that we would not give our daughters unto the people of the land, nor take their daughters for our sons:	0.0	neutral	Y que no daríamos nuestras hijas á los pueblos de la tierra, ni tomaríamos sus hijas para nuestros hijos.
NEH.10.31	10	31	And {if} the people of the land bring ware or any victuals on the sabbath day to sell, {that} we would not buy it of them on the sabbath, or on the holy day: and {that} we would leave the seventh year, and the exaction of every debt. {every...: Heb. every hand}	0.0	neutral	Asimismo, que si los pueblos de la tierra trajesen á vender mercaderías y comestibles en día de sábado, nada tomaríamos de ellos en sábado, ni en día santificado; y que dejaríamos el año séptimo, con remisión de toda deuda.
NEH.10.32	10	32	Also we made ordinances for us, to charge ourselves yearly with the third part of a shekel for the service of the house of our God;	0.0	neutral	Impusímonos además por ley el cargo de contribuir cada año con la tercera parte de un siclo, para la obra de la casa de nuestro Dios;
NEH.10.33	10	33	For the shewbread, and for the continual meat offering, and for the continual burnt offering, of the sabbaths, of the new moons, for the set feasts, and for the holy {things}, and for the sin offerings to make an atonement for Israel, and {for} all the work of the house of our God.	0.1364	positive	Para el pan de la proposición, y para la ofrenda continua, y para el holocausto continuo, de los sábados, y de las nuevas lunas, y de las festividades, y para las santificaciones y sacrificios por el pecado para expiar á Israel, y para toda la obra de la casa de nuestro Dios.
NEH.10.34	10	34	And we cast the lots among the priests, the Levites, and the people, for the wood offering, to bring {it} into the house of our God, after the houses of our fathers, at times appointed year by year, to burn upon the altar of the LORD our God, as {it is} written in the law:	0.0	neutral	Echamos también las suertes, los sacerdotes, los Levitas, y el pueblo, acerca de la ofrenda de la leña, para traerla á la casa de nuestro Dios, según las casas de nuestros padres, en los tiempos determinados cada un año, para quemar sobre el altar de Jehová nuestro Dios, como está escrito en la ley.
NEH.10.35	10	35	And to bring the firstfruits of our ground, and the firstfruits of all fruit of all trees, year by year, unto the house of the LORD:	0.0	neutral	Y que cada año traeríamos las primicias de nuestra tierra, y las primicias de todo fruto de todo árbol, á la casa de Jehóva:
NEH.10.36	10	36	Also the firstborn of our sons, and of our cattle, as {it is} written in the law, and the firstlings of our herds and of our flocks, to bring to the house of our God, unto the priests that minister in the house of our God:	0.0	neutral	Asimismo los primogénitos de nuestros hijos y de nuestras bestias, como está escrito en la ley; y que traeríamos los primogénitos de nuestras vacas y de nuestras ovejas á la casa de nuestro Dios, á los sacerdotes que ministran en la casa de nuestro Dios:
NEH.10.37	10	37	And {that} we should bring the firstfruits of our dough, and our offerings, and the fruit of all manner of trees, of wine and of oil, unto the priests, to the chambers of the house of our God; and the tithes of our ground unto the Levites, that the same Levites might have the tithes in all the cities of our tillage.	0.0	neutral	Que traeríamos también las primicias de nuestras masas, y nuestras ofrendas, y del fruto de todo árbol, del vino y del aceite, á los sacerdotes, á las cámaras de la casa de nuestro Dios, y el diezmo de nuestra tierra á los Levitas; y que los Levitas recibirían las décimas de nuestras labores en todas las ciudades:
NEH.10.38	10	38	And the priest the son of Aaron shall be with the Levites, when the Levites take tithes: and the Levites shall bring up the tithe of the tithes unto the house of our God, to the chambers, into the treasure house.	0.0	neutral	Y que estaría el sacerdote hijo de Aarón con los Levitas, cuando los Levitas recibirían el diezmo: y que los Levitas llevarían el diezmo del diezmo á la casa de nuestro Dios, á las cámaras en la casa del tesoro.
NEH.10.39	10	39	For the children of Israel and the children of Levi shall bring the offering of the corn, of the new wine, and the oil, unto the chambers, where {are} the vessels of the sanctuary, and the priests that minister, and the porters, and the singers: and we will not forsake the house of our God.	0.1364	positive	Porque á las cámaras han de llevar los hijos de Israel y los hijos de Leví la ofrenda del grano, del vino, y del aceite; y allí estarán los vasos del santuario, y los sacerdotes que ministran, y los porteros, y los cantores; y no abandonaremos la casa de nuestro Dios.
NEH.11.1	11	1	And the rulers of the people dwelt at Jerusalem: the rest of the people also cast lots, to bring one of ten to dwell in Jerusalem the holy city, and nine parts {to dwell} in {other} cities.	-0.0625	neutral	Y HABITARON los príncipes del pueblo en Jerusalem; mas el resto del pueblo echó suertes para traer uno de diez que morase en Jerusalem, ciudad santa, y las nueve partes en las otras ciudades.
NEH.11.2	11	2	And the people blessed all the men, that willingly offered themselves to dwell at Jerusalem.	0.25	positive	Y bendijo el pueblo á todos los varones que voluntariamente se ofrecieron á morar en Jerusalem.
NEH.11.3	11	3	Now these {are} the chief of the province that dwelt in Jerusalem: but in the cities of Judah dwelt every one in his possession in their cities, {to wit}, Israel, the priests, and the Levites, and the Nethinims, and the children of Solomon's servants.	0.0	neutral	Y estos son los principales de la provincia que moraron en Jerusalem; mas en las ciudades de Judá habitaron cada uno en su posesión en sus ciudades, de Israel, de los sacerdotes, y Levitas, y Nethineos, y de los hijos de los siervos de Salomón.
NEH.11.4	11	4	And at Jerusalem dwelt {certain} of the children of Judah, and of the children of Benjamin. Of the children of Judah; Athaiah the son of Uzziah, the son of Zechariah, the son of Amariah, the son of Shephatiah, the son of Mahalaleel, of the children of Perez; {Perez: also called, Pharez}	0.2143	positive	En Jerusalem pues habitaron de los hijos de Judá, y de los hijos de Benjamín. De los hijos de Judá: Athaías, hijo de Uzzías, hijo de Zacarías, hijo de Amarías, hijo de Sephatías, hijo de Mahalaleel, de los hijos de Phares;
NEH.11.5	11	5	And Maaseiah the son of Baruch, the son of Colhozeh, the son of Hazaiah, the son of Adaiah, the son of Joiarib, the son of Zechariah, the son of Shiloni.	0.0	neutral	Y Maasías hijo de Baruch, hijo de Colhoze, hijo de Hazaías, hijo de Adaías, hijo de Joiarib, hijo de Zacarías, hijo de Siloni.
NEH.11.6	11	6	All the sons of Perez that dwelt at Jerusalem {were} four hundred threescore and eight valiant men.	0.0	neutral	Todos los hijos de Phares que moraron en Jerusalem, fueron cuatrocientos setenta y ocho hombres fuertes.
NEH.11.7	11	7	And these {are} the sons of Benjamin; Sallu the son of Meshullam, the son of Joed, the son of Pedaiah, the son of Kolaiah, the son of Maaseiah, the son of Ithiel, the son of Jesaiah.	0.0	neutral	Y estos son los hijos de Benjamín: Salú hijo de Mesullam, hijo de Joed, hijo de Pedaías, hijo de Colaías, hijo de Maaseías, hijo de Ithiel, hijo de Jesaía.
NEH.11.8	11	8	And after him Gabbai, Sallai, nine hundred twenty and eight.	0.0	neutral	Y tras él, Gabbai, Sallai, novecientos veinte y ocho.
